id,artist,before,after
75,基恩敬拜,神大愛God's Magnificent Love (現場版) 禱告更新2025AGWMM Official Live,神大愛God's Magnificent Love (現場版) 禱告更新2025AGWMM
78,基恩敬拜,神在這裏God Is Here (現場版) 禱告更新2025AGWMM Official Live,神在這裏God Is Here (現場版) 禱告更新2025AGWMM
82,基恩敬拜,下雨天的平安Peace In Rainy Days (現場版) 禱告更新2024AGWMM Official Live,下雨天的平安Peace In Rainy Days (現場版) 禱告更新2024AGWMM
86,ACM,【我渴想 / THIRST】HK -「我的渴想是要全心全意敬拜祢」,【我渴想 / THIRST】 -「我的渴想是要全心全意敬拜祢」
92,ACM,【天父總會看顧】HK 齊唱兒歌6 兒童詩歌,【天父總會看顧】 齊唱兒歌6 兒童詩歌
93,ACM,看見憐憫 - 齊唱兒歌2020 (官方完整CD版),看見憐憫 - 齊唱兒歌2020
98,ACM,一首讚美的詩歌 / Lyric HD 粵語詩歌,一首讚美的詩歌 / Lyric 粵語詩歌
99,ACM,【晴天雨天】官方歌詞 - TBM,晴天雨天
103,ACM,小小敬拜者齊唱兒歌DVD (官方動作版),小小敬拜者齊唱兒歌
110,玻璃海,神的帳幕在人間 (CD Version),神的帳幕在人間
112,玻璃海,【主日敬拜】 樂團 WorshipNations 萬主之主萬王之王 永遠聖潔 這小小的雙手 （2025年11月30日）,【主日敬拜】 樂團 WorshipNations 萬主之主萬王之王 永遠聖潔 這小小的雙手 (2025年11月30日)
116,玻璃海,我要一生一世住在你聖殿 (CD Version),我要一生一世住在你聖殿
117,團契遊樂園,偶然遇上的驚喜 薪火永傳（基督教詩歌）,偶然遇上的驚喜 薪火永傳(基督教詩歌)
118,團契遊樂園,路邊的一課 揀選 （基督教詩歌）,路邊的一課 揀選 (基督教詩歌)
119,團契遊樂園,有了祢異象 揀選 （基督教詩歌）,有了祢異象 揀選 (基督教詩歌)
120,團契遊樂園,讓我高飛 揀選 （基督教詩歌）,讓我高飛 揀選 (基督教詩歌)
121,團契遊樂園,得祢愛我 應許（基督教詩歌）,得祢愛我 應許(基督教詩歌)
122,團契遊樂園,若你能看見 應許（基督教詩歌）,若你能看見 應許(基督教詩歌)
123,團契遊樂園,薪火永傳 薪火永傳（基督教詩歌）,薪火永傳 薪火永傳(基督教詩歌)
124,團契遊樂園,以感恩為祭 應許（基督教詩歌）,以感恩為祭 應許(基督教詩歌)
125,團契遊樂園,唯獨恩主 應許（基督教詩歌）,唯獨恩主 應許(基督教詩歌)
126,團契遊樂園,飄流日記 揀選 （基督教詩歌）,飄流日記 揀選 (基督教詩歌)
127,團契遊樂園,這樣的愛 揀選 （基督教詩歌）,這樣的愛 揀選 (基督教詩歌)
128,團契遊樂園,我信愛是恆久 薪火永傳（基督教詩歌）,我信愛是恆久 薪火永傳(基督教詩歌)
129,團契遊樂園,原來是耶穌 揀選 （基督教詩歌）,原來是耶穌 揀選 (基督教詩歌)
130,團契遊樂園,活著因袮愛 耶穌我深愛你（基督教詩歌）,活著因袮愛 耶穌我深愛你(基督教詩歌)
131,團契遊樂園,主喜悅的事 揀選 （基督教詩歌）,主喜悅的事 揀選 (基督教詩歌)
132,團契遊樂園,全心敬拜 耶穌我深愛你（基督教詩歌）,全心敬拜 耶穌我深愛你(基督教詩歌)
133,團契遊樂園,陶造我生命伴我成長1（經典基督教詩歌 推介）,陶造我生命伴我成長1(經典基督教詩歌 推介)
134,團契遊樂園,願我屈膝袮跟前 信心之火（基督教詩歌）,願我屈膝袮跟前 信心之火(基督教詩歌)
136,團契遊樂園,投靠主的人 耶穌我深愛你（基督教詩歌）,投靠主的人 耶穌我深愛你(基督教詩歌)
137,團契遊樂園,誰曾應許 應許（基督教詩歌）,誰曾應許 應許(基督教詩歌)
138,團契遊樂園,古老的愛 薪火永傳（基督教詩歌）,古老的愛 薪火永傳(基督教詩歌)
139,團契遊樂園,雲彩 環遊世界（基督教詩歌）,雲彩 環遊世界(基督教詩歌)
140,團契遊樂園,超過言語能述說 求主賜我異象（基督教詩歌）,超過言語能述說 求主賜我異象(基督教詩歌)
141,團契遊樂園,認識你是祢 耶穌我深愛你（基督教詩歌）,認識你是祢 耶穌我深愛你(基督教詩歌)
142,團契遊樂園,揀選 揀選 （基督教詩歌）,揀選 揀選 (基督教詩歌)
143,角聲使團,The Heralders 敬拜無界限 Boundless Worship Ep. 1【至高尊貴的祢 無可比的愛 原來有祢 因著信】(4K UHD),The Heralders 敬拜無界限 Boundless Worship Ep. 1【至高尊貴的祢 無可比的愛 原來有祢 因著信】
144,角聲使團,The Heralders 晨曦盼望 Dawn of Hope (4K UHD),The Heralders 晨曦盼望 Dawn of Hope
145,角聲使團,愛的保證 （重投豐盛專輯）,愛的保證 (重投豐盛專輯)
148,角聲使團,全然歸祢（重投豐盛專輯）,全然歸祢(重投豐盛專輯)
149,角聲使團,The Heralders 感恩祭燃起 THANKSGIVING OFFERING (4K UHD),The Heralders 感恩祭燃起 THANKSGIVING OFFERING
171,讚美之泉粵語,我的生命獻給祢 (粵語版 - 官方譯本),我的生命獻給祢 (粵語版)
172,讚美之泉粵語,我們的神 (粵語版 - 官方允准譯本),我們的神 (粵語版)
175,讚美之泉粵語,愛是不保留（關心妍 粵語詩歌 含經文歌詞）,愛是不保留(關心妍 粵語詩歌 含經文歌詞)
188,生命河粵語,好聽中文詩歌更深經歷你生命河靈糧堂-More Deeply（附歌詞）,好聽中文詩歌更深經歷你生命河靈糧堂-More Deeply(附歌詞)
189,生命河粵語,充滿我（生命河靈糧堂 含經文禱告旁白 國語詩歌）,充滿我(生命河靈糧堂 含經文禱告旁白 國語詩歌)
192,生命河粵語,每一次我讚美主 Every Time I Praise the Lord（生命河敬拜讚美系列 8「Shekinah榮耀同在」),每一次我讚美主 Every Time I Praise the Lord(生命河敬拜讚美系列 8「Shekinah榮耀同在」)
202,生命河粵語,【生命為何】What is the meaning of life? 詩歌合唱（粵語歌詞）Cantonese Christian Song,【生命為何】What is the meaning of life? 詩歌合唱(粵語歌詞)Cantonese Christian Song
207,生命河粵語,遇見你 Here In Your Presence（生命河敬拜讚美系列 8「Shekinah榮耀同在」),遇見你 Here In Your Presence(生命河敬拜讚美系列 8「Shekinah榮耀同在」)
222,約書亞樂團,【即或不然的生命 /】Live Worship - 璽恩SiEnVanessa,【即或不然的生命】Live Worship - 璽恩SiEnVanessa
247,約書亞樂團,No.24【如祢 / Like You】官方歌詞 - 璽恩 SiEnVanessa,No.24【如祢 / Like You】 - 璽恩 SiEnVanessa
259,盛曉玫,恩典的記號 Marks Of Grace (官方版） Amy Sand 泥土音樂專輯 幸福,恩典的記號 Marks Of Grace (官方版) Amy Sand 泥土音樂專輯 幸福
261,盛曉玫,泥土音樂 最適合安靜聆聽的詩歌 十首連續播放 （含歌詞）,泥土音樂 最適合安靜聆聽的詩歌 十首連續播放 (含歌詞)
272,天韻詩歌,精选【天韵合唱团】热门基督教赞美诗歌15首（二） - 眼光神的道理两个环真光献上感恩野地的花,精选【天韵合唱团】热门基督教赞美诗歌15首(二) - 眼光神的道理两个环真光献上感恩野地的花
274,天韻詩歌,精选【天韵合唱团】热门基督教赞美诗歌15首（二） - 美哉主耶稣日光之下最大的财富歌颂复活主是爱看不见的时候,精选【天韵合唱团】热门基督教赞美诗歌15首(二) - 美哉主耶稣日光之下最大的财富歌颂复活主是爱看不见的时候
306,生命河靈糧堂,精选【灵粮堂】最热门基督教赞美诗歌15首（三） - 带我进入幔内美好清晨诗篇23篇我的生命在乎你,精选【灵粮堂】最热门基督教赞美诗歌15首(三) - 带我进入幔内美好清晨诗篇23篇我的生命在乎你
307,生命河靈糧堂,精选【灵粮堂】最热门基督教赞美诗歌15首（一） - 充满我天开了你坐着为王,精选【灵粮堂】最热门基督教赞美诗歌15首(一) - 充满我天开了你坐着为王
308,生命河靈糧堂,行在信實恩典中 I Walk In Your Unfailing Grace（敬拜讚美系列 8「Shekinah榮耀同在」),行在信實恩典中 I Walk In Your Unfailing Grace(敬拜讚美系列 8「Shekinah榮耀同在」)
309,生命河靈糧堂,神的帳幕在人間 Your Dwelling Is with Man （敬拜讚美系列 8「Shekinah榮耀同在」),神的帳幕在人間 Your Dwelling Is with Man (敬拜讚美系列 8「Shekinah榮耀同在」)
311,生命河靈糧堂,精选【灵粮堂】最热门基督教赞美诗歌15首（四） - 活着为你赞美不停息战胜巨人的恩膏高声唱哈利路亚生命的泉源,精选【灵粮堂】最热门基督教赞美诗歌15首(四) - 活着为你赞美不停息战胜巨人的恩膏高声唱哈利路亚生命的泉源
312,生命河靈糧堂,精选【灵粮堂】最热门基督教赞美诗歌15首（五） - 赎罪羔羊渴望复兴的火神机会的风耶和华是我的力量开启我眼,精选【灵粮堂】最热门基督教赞美诗歌15首(五) - 赎罪羔羊渴望复兴的火神机会的风耶和华是我的力量开启我眼
313,生命河靈糧堂,我心頌揚 Break Forth In Song（敬拜讚美系列 8「Shekinah榮耀同在」),我心頌揚 Break Forth In Song(敬拜讚美系列 8「Shekinah榮耀同在」)
315,生命河靈糧堂,奇妙事必定要成就 Miracles Are Coming（敬拜讚美系列 8「Shekinah榮耀同在」),奇妙事必定要成就 Miracles Are Coming(敬拜讚美系列 8「Shekinah榮耀同在」)
318,生命河靈糧堂,Shekinah榮耀同在 Shekinah Glory（敬拜讚美系列 8「Shekinah榮耀同在」),Shekinah榮耀同在 Shekinah Glory(敬拜讚美系列 8「Shekinah榮耀同在」)
321,生命河靈糧堂,你是信實神 You Are The Faithful God（敬拜讚美系列 9 【神已經成就了】）,你是信實神 You Are The Faithful God(敬拜讚美系列 9 【神已經成就了】)
322,生命河靈糧堂,聖潔像你 Holy Like You（敬拜讚美系列 8「Shekinah榮耀同在」),聖潔像你 Holy Like You(敬拜讚美系列 8「Shekinah榮耀同在」)
325,生命河靈糧堂,神已經成就了 It Is All Finished Now（敬拜讚美系列 9 【神已經成就了】）,神已經成就了 It Is All Finished Now(敬拜讚美系列 9 【神已經成就了】)
331,生命河靈糧堂,再一次充滿我們 Come And Fill Us Once Again（敬拜讚美系列 9 【神已經成就了】）,再一次充滿我們 Come And Fill Us Once Again(敬拜讚美系列 9 【神已經成就了】)
332,生命河靈糧堂,在你眼中 In Your Eyes（敬拜讚美系列 9 【神已經成就了】）,在你眼中 In Your Eyes(敬拜讚美系列 9 【神已經成就了】)
333,生命河靈糧堂,屬靈的疾風吹來 Wind of the Spirit（敬拜讚美系列 8「Shekinah榮耀同在」),屬靈的疾風吹來 Wind of the Spirit(敬拜讚美系列 8「Shekinah榮耀同在」)
361,有情天音樂,精选【音乐】热门基督教赞美诗歌15首（一） - 我需要有你在我生命当中等候神耶和华的心因你与我同行以马内利你爱永不变,精选【音乐】热门基督教赞美诗歌15首(一) - 我需要有你在我生命当中等候神耶和华的心因你与我同行以马内利你爱永不变
363,有情天音樂,精选【音乐】热门基督教赞美诗歌15首（二） - 我心紧紧跟随你圣灵的活水江河主我相信你主耶稣宝血宁静时刻,精选【音乐】热门基督教赞美诗歌15首(二) - 我心紧紧跟随你圣灵的活水江河主我相信你主耶稣宝血宁静时刻
364,有情天音樂,耶和華的心 思親專輯1 蝴蝶片長4分22秒,耶和華的心 思親專輯1 蝴蝶
384,有情天音樂,千山萬水恩惠相隨（專輯）.wmv,千山萬水恩惠相隨(專輯).wmv
387,我心旋律,精选讚美詩歌 基督教赞美诗歌15首（一） - 轻轻听一生一世奇异恩典生命的执着最知心的朋友宣教的中国耶和华是爱我以祷告来到你跟前,精选讚美詩歌 基督教赞美诗歌15首(一) - 轻轻听一生一世奇异恩典生命的执着最知心的朋友宣教的中国耶和华是爱我以祷告来到你跟前
388,我心旋律,起初 / Worship Song (In the Beginning) / B'reishit / 創世記1168 摘編（妥拉 Torah第一週）,起初 / Worship Song (In the Beginning) / B'reishit / 創世記1168 摘編(妥拉 Torah第一週)
390,我心旋律,精选讚美詩歌 基督教赞美诗歌15首（二） - 大海中的道路中国的早晨五点钟祂悄悄踏过敬拜万世之王空谷的回音给我一颗中国心主祷文,精选讚美詩歌 基督教赞美诗歌15首(二) - 大海中的道路中国的早晨五点钟祂悄悄踏过敬拜万世之王空谷的回音给我一颗中国心主祷文
395,我心旋律,應許的遷徙（第二版本） / The Journey of the Promise,應許的遷徙(第二版本) / The Journey of the Promise
404,我心旋律,一生一世 - （诗篇274）,一生一世 - (诗篇274)
405,我心旋律,逾越節詩歌 容我的百姓去 應許的遷徙 （下篇） / Let My People Go / Worhip Song,逾越節詩歌 容我的百姓去 應許的遷徙 (下篇) / Let My People Go / Worhip Song
522,Jesus Culture,"Chris Quilala, Worship Together – Same God (Official Live Video)","Chris Quilala, Worship Together – Same God"
641,Kari Jobe,Revelation Song - (Official Live Video),Revelation Song
652,Matt Redman,Endless Hallelujah - (Worship with Lyrics),Endless Hallelujah - (Worship)
660,Matt Redman,We Praise You (Official Live Video),We Praise You
661,Matt Redman,All Praise (Sing Praise) (Official Live Video),All Praise (Sing Praise)
725,天韻詩歌,精选热门基督教赞美诗歌15首（二） - 眼光，神的道理，两个环，真光，献上感恩，野地的花,精选热门基督教赞美诗歌15首(二) - 眼光，神的道理，两个环，真光，献上感恩，野地的花
728,天韻詩歌,智慧的人《創作專輯之六 弦外之歌》片長：3分11秒,智慧的人《創作專輯之六 弦外之歌》
738,ACM,祢成就救恩 by HK | RedSea Music,祢成就救恩 by | RedSea Music
765,玻璃海,當我抬頭仰望 （國語 x 本) / 台港聯合敬拜 / Worship Nations x CantonHym,當我抬頭仰望 (國語 x 本) / 台港聯合敬拜 / Worship Nations x CantonHym
853,我心旋律,🎉🎉 詩歌～竭力稱頌耶和華 🎉🎉 / 新季節、新音符、新樂章/ ～葉邵家菁（創作者）,🎉🎉 詩歌～竭力稱頌耶和華 🎉🎉 / 新季節、新音符、新樂章/ ～葉邵家菁(創作者)
1372,Grace Wu詩歌,Gfriend - Dance Tutorial - Sowon part（Slow + Mirror）by Grace Wu,Gfriend - Dance Tutorial - Sowon part(Slow + Mirror)by Grace Wu
1375,Grace Wu詩歌,Pretty Please （拜托）- Short Dance Cover by Grace Wu,Pretty Please (拜托)- Short Dance Cover by Grace Wu
1376,Grace Wu詩歌,SphinX （斯芬克斯）- Dance Tutorial by Grace Wu,SphinX (斯芬克斯)- Dance Tutorial by Grace Wu
1519,CantonHymn,祢是配得高舉敬拜-祢是配得（聖哉聖哉全地唱） 粵語版,祢是配得高舉敬拜-祢是配得(聖哉聖哉全地唱) 粵語版
1588,U-Fire GYRO Band,按時 （Live） / Gyro Worship,按時 (Live) / Gyro Worship
1614,全心製作 HeartPro,親愛主 Dear Lord（吳秉堅）,親愛主 Dear Lord(吳秉堅)
1615,全心製作 HeartPro,珍惜眼前人 Treasure your love（吳秉堅）,珍惜眼前人 Treasure your love(吳秉堅)
1616,全心製作 HeartPro,赤道宣言 Declaration（吳秉堅）,赤道宣言 Declaration(吳秉堅)
1632,鹹蛋音樂事工,轉回（何西阿書十一）- SEMM🍳,轉回(何西阿書十一)- SEMM🍳
1679,U-Fire GYRO Band,Gyro - 按時 / Prep.（),Gyro - 按時 / Prep.
1744,全心製作 HeartPro,呼召 神祢在掌管 God Sovereignty Reign（蔡元雲醫生，全心敬拜組）,呼召 神祢在掌管 God Sovereignty Reign(蔡元雲醫生，全心敬拜組)
1745,全心製作 HeartPro,請差遣我 Pls Send Me（吳秉堅，徐偉賢，張淑衡，梁沃厚，Benson Li）,請差遣我 Pls Send Me(吳秉堅，徐偉賢，張淑衡，梁沃厚，Benson Li)
1746,全心製作 HeartPro,赤道宣言 Declaration（徐偉賢，張淑衡，梁沃厚，Benson Li）,赤道宣言 Declaration(徐偉賢，張淑衡，梁沃厚，Benson Li)
1783,全心製作 HeartPro,珍惜眼前人 Treasure your love（黃迦約）,珍惜眼前人 Treasure your love(黃迦約)
1784,全心製作 HeartPro,親愛主（梁沃厚，黃迦約）,親愛主(梁沃厚，黃迦約)
1785,全心製作 HeartPro,親愛主 Dear Lord（徐偉賢）,親愛主 Dear Lord(徐偉賢)
1838,CantonHymn,我確信這些（信經）(This I Believe (The Creed) - Hillsong Cover),我確信這些(信經)(This I Believe (The Creed) - Hillsong Cover)
1856,全心製作 HeartPro,信靠的故事 The Story of Trust（徐偉賢）,信靠的故事 The Story of Trust(徐偉賢)
1857,全心製作 HeartPro,願你高飛 You Will Fly（Chloe Chen）,願你高飛 You Will Fly(Chloe Chen)
1858,全心製作 HeartPro,朋友愛 A Friend Love（吳秉堅，金培達，鍾氏兄弟，梁沃厚）,朋友愛 A Friend Love(吳秉堅，金培達，鍾氏兄弟，梁沃厚)
1888,611 Worship,2025 GET SET LAUNCH （中 CHI）,2025 GET SET LAUNCH (中 CHI)
1945,全心製作 HeartPro,神祢在掌管 God Sovereignty Reign（金培達）,神祢在掌管 God Sovereignty Reign(金培達)
1946,全心製作 HeartPro,祂的一生 His Life（曾路得）,祂的一生 His Life(曾路得)
1947,全心製作 HeartPro,將心給我 Give me your heart（曾路德，鍾氏兄弟）,將心給我 Give me your heart(曾路德，鍾氏兄弟)
2043,全心製作 HeartPro,願 Wish（鍾氏兄弟）,願 Wish(鍾氏兄弟)
2044,全心製作 HeartPro,無言者 Silent party（鍾氏兄弟）,無言者 Silent party(鍾氏兄弟)
2045,全心製作 HeartPro,一生不枉過 Make Everyday Counts（陳明恩）,一生不枉過 Make Everyday Counts(陳明恩)
2112,鹹蛋音樂事工,若未來留白 - SEMM🍳（建道神學院 「___ to the future青年會議」主題曲）,若未來留白 - SEMM🍳(建道神學院 「___ to the future青年會議」主題曲)
2148,全心製作 HeartPro,We Are One（陳明恩，梁沃厚，全心敬拜組）,We Are One(陳明恩，梁沃厚，全心敬拜組)
2149,全心製作 HeartPro,頌讚祢Hallelujah（陳明恩，全心敬拜組）,頌讚祢Hallelujah(陳明恩，全心敬拜組)
2150,全心製作 HeartPro,祢是彌賽亞 U Are Messiah（陳明恩，全心敬拜組）,祢是彌賽亞 U Are Messiah(陳明恩，全心敬拜組)
2162,新心音樂事工,雲彩般的見證（二）,雲彩般的見證(二)
2169,新心音樂事工,雲彩般的見證（一）,雲彩般的見證(一)
2231,新心音樂事工,機緣巧合? (一）,機緣巧合? (一)
2306,CantonHymn,與祢更靠近（粵語版）- 約書亞樂團 Live,與祢更靠近(粵語版)- 約書亞樂團 Live
2602,悦雨音樂 GRM,有點甜（改篇歌詞版） / 余幸蓓 & 盧凱韻 Airy Lolo / 2020復活節音樂特輯【愛的BIG降】 / 基督教觀塘福臨教會,有點甜(改篇歌詞版) / 余幸蓓 & 盧凱韻 Airy Lolo / 2020復活節音樂特輯【愛的BIG降】 / 基督教觀塘福臨教會
2650,悦雨音樂 GRM,基督祂愛我（非原創） / Stephy / 2019 Caroling@YMCA TST / Phone Mic Recorded,基督祂愛我(非原創) / Stephy / 2019 Caroling@YMCA TST / Phone Mic Recorded
2920,CantonHymn,基督正是祢 (Jesus It is You 粵語版 Cantonese）,基督正是祢 (Jesus It is You 粵語版 Cantonese)
2922,CantonHymn,主祢照亮了一切 Son Music （主は我らの太陽 Cantonese Cover）,主祢照亮了一切 Son Music (主は我らの太陽 Cantonese Cover)
2942,CantonHymn,主深恩厚愛 （Goodness of God - Bethel Cantonese Cover Live),主深恩厚愛 (Goodness of God - Bethel Cantonese Cover Live)
2943,CantonHymn,愛永不止息 （여호와께 돌아가자 - J-US Ministry Cantonese Cover Live),愛永不止息 (여호와께 돌아가자 - J-US Ministry Cantonese Cover Live)
2947,CantonHymn,只想去歌頌 (Only Wanna Sing - Hillsong Cantonese Cover Version）,只想去歌頌 (Only Wanna Sing - Hillsong Cantonese Cover Version)
2954,CantonHymn,這所有主配得 （Worthy of It all -Cantonese Cover),這所有主配得 (Worthy of It all -Cantonese Cover)
2961,CantonHymn,上主施展美事 （耶和華行了大事）,上主施展美事 (耶和華行了大事)
2980,CantonHymn,耶穌基督是主 - 小羊詩歌（官方粵語版）,耶穌基督是主 - 小羊詩歌(官方粵語版)
2981,CantonHymn,一生不會捨棄祢 (CD Version),一生不會捨棄祢
2986,CantonHymn,神的羔羊 - 小羊詩歌（官方粵語版）,神的羔羊 - 小羊詩歌(官方粵語版)
2991,CantonHymn,我願為祢去 - 小羊詩歌（官方粵語核准版）,我願為祢去 - 小羊詩歌(官方粵語核准版)
2992,CantonHymn,主的軍隊 - 小羊詩歌（官方粵語核准版 Version Cover）,主的軍隊 - 小羊詩歌(官方粵語核准版 Version Cover)
2994,CantonHymn,讚頌祢聖名 - 小羊詩歌（官方粵語版）,讚頌祢聖名 - 小羊詩歌(官方粵語版)
2995,CantonHymn,祢住在我心 - 小羊詩歌（官方粵語核准版）,祢住在我心 - 小羊詩歌(官方粵語核准版)
2997,CantonHymn,如若 - 小羊詩歌（官方粵語版）,如若 - 小羊詩歌(官方粵語版)
2999,CantonHymn,讓我作活祭 - 小羊詩歌（官方粵語版）,讓我作活祭 - 小羊詩歌(官方粵語版)
3001,CantonHymn,活祭 - 小羊詩歌（官方粵語核准版）,活祭 - 小羊詩歌(官方粵語核准版)
3002,CantonHymn,祢比這一切更美麗 - 小羊詩歌（官方粵語核准版）,祢比這一切更美麗 - 小羊詩歌(官方粵語核准版)
3042,CantonHymn,基督正是祢 (Jesus It is You 粵語版 Cantonese Cover Version）,基督正是祢 (Jesus It is You 粵語版 Cantonese Cover Version)
3053,同心圓敬拜,同心圓｜《說有就有》（詩33）｜TWS 敬拜者使團｜「HOPE 盼望」 Live,同心圓｜《說有就有》(詩33)｜TWS 敬拜者使團｜「HOPE 盼望」 Live
3139,新心音樂事工,生命烈焰（快版）Flames of Life (Fast),生命烈焰(快版)Flames of Life (Fast)
3273,全心製作 HeartPro,WAO 蔡元雲點評 HD,WAO 蔡元雲點評
3289,全心製作 HeartPro,WAO We Are One HD (Official),WAO We Are One (Official)
3423,同心圓敬拜,【空間感長過門】詩老師教授3個貼士增加過門空間感！|「TWS 音樂教室」同心圓 （第七集）,【空間感長過門】詩老師教授3個貼士增加過門空間感！|「TWS 音樂教室」同心圓 (第七集)
3442,同心圓敬拜,訪問特輯：我們的「全港信徒事奉更新特會」回憶 （2018）－同心圓,訪問特輯：我們的「全港信徒事奉更新特會」回憶 (2018)－同心圓
3619,同心圓敬拜,開蓬巴士遊「打開·愛」2015（同心圓·敬拜關懷事工）,開蓬巴士遊「打開·愛」2015(同心圓·敬拜關懷事工)
3779,CantonHymn,奇蹟必可看見 （Mujizat Itu Nyata 奇蹟必會降臨 粵語版 Cantonese Cover）,奇蹟必可看見 (Mujizat Itu Nyata 奇蹟必會降臨 粵語版 Cantonese Cover)
3801,CantonHymn,你的愛 （그 사랑 얼마나 祂的愛） 廣東話版 Cantonese Cover),你的愛 (그 사랑 얼마나 祂的愛) 廣東話版 Cantonese Cover)
3808,同心圓敬拜,老友記大掃除迎新禧（同心圓．水深火熱關懷事工）,老友記大掃除迎新禧(同心圓．水深火熱關懷事工)
3810,同心圓敬拜,「打開愛 • boxing love」2014 同心圓 • 水深火熱 （聖誕關愛服侍社區行動）,「打開愛 • boxing love」2014 同心圓 • 水深火熱 (聖誕關愛服侍社區行動)
3816,同心圓敬拜,「打開愛．Boxing Love」2013  - 同心圓 ‧ 水深火熱 (聖誕關愛服侍社區行動) One Circle Care),「打開愛．Boxing Love」2013 - 同心圓 ‧ 水深火熱 (聖誕關愛服侍社區行動) One Circle Care)
3817,同心圓敬拜,同心圓．敬拜關懷事工「打開愛．Boxing Love」聖誕關愛社區行動2012（精簡版）,同心圓．敬拜關懷事工「打開愛．Boxing Love」聖誕關愛社區行動2012(精簡版)
3835,同心圓敬拜,福音平台 One Circle 事工簡介 (粵語）,福音平台 One Circle 事工簡介 (粵語)
3836,同心圓敬拜,福音平台 One Circle 事工簡介 (華語）,福音平台 One Circle 事工簡介 (華語)
3987,新心音樂事工,生命烈焰（慢版） Flames of Life (Slow),生命烈焰(慢版) Flames of Life (Slow)
4118,基恩敬拜,《來高聲讚頌》《應當稱頌祢》(現場版)｜ 禱告更新2025｜AGWMM Official Live,《來高聲讚頌》《應當稱頌祢》(現場版)｜ 禱告更新2025｜AGWMM
4119,基恩敬拜,《繼續禱告》 Keep On Praying (現場版)｜ 禱告更新2025｜AGWMM Official Live,《繼續禱告》 Keep On Praying (現場版)｜ 禱告更新2025｜AGWMM
4120,基恩敬拜,《請堅固我》《陪我渡過》(現場版)｜ 禱告更新2025｜AGWMM Official Live,《請堅固我》《陪我渡過》(現場版)｜ 禱告更新2025｜AGWMM
4121,基恩敬拜,《平安的路》Path Of Peace (現場版)｜ 禱告更新2025｜AGWMM Official Live,《平安的路》Path Of Peace (現場版)｜ 禱告更新2025｜AGWMM
4122,基恩敬拜,《放下擔子》Lay Down The Burden (現場版)｜ 禱告更新2025｜AGWMM Official Live,《放下擔子》Lay Down The Burden (現場版)｜ 禱告更新2025｜AGWMM
4129,基恩敬拜,《普天頌讚》Songs Of Universal Praise (現場版)｜ 禱告更新2025｜AGWMM Official Live,《普天頌讚》Songs Of Universal Praise (現場版)｜ 禱告更新2025｜AGWMM
4130,基恩敬拜,《應許與我同在》You Promised To Be With Me (現場版)｜ 禱告更新2025｜AGWMM Official Live,《應許與我同在》You Promised To Be With Me (現場版)｜ 禱告更新2025｜AGWMM
4131,基恩敬拜,《賜我力量》Give Me Strength (現場版)｜ 禱告更新2025｜AGWMM Official Live,《賜我力量》Give Me Strength (現場版)｜ 禱告更新2025｜AGWMM
4132,基恩敬拜,《晨禱》Morning Prayer (華語版)｜ 禱告更新2025｜AGWMM Official Live,《晨禱》Morning Prayer (華語版)｜ 禱告更新2025｜AGWMM
4133,基恩敬拜,《祢是我惟一的倚靠》I Put My Trust In You (現場版)｜ 禱告更新2025｜AGWMM Official Live,《祢是我惟一的倚靠》I Put My Trust In You (現場版)｜ 禱告更新2025｜AGWMM
4134,基恩敬拜,《恩典的暴風》Grace In The Storm (現場版)｜ 禱告更新2025｜AGWMM Official Live,《恩典的暴風》Grace In The Storm (現場版)｜ 禱告更新2025｜AGWMM
4141,基恩敬拜,《給爸爸的信》Letter To My Father (現場版)｜ 禱告更新2025｜AGWMM Official Live,《給爸爸的信》Letter To My Father (現場版)｜ 禱告更新2025｜AGWMM
4143,基恩敬拜,《進祢院宇》Enter Your Courts (現場版)｜ 禱告更新2023｜AGWMM Official Live,《進祢院宇》Enter Your Courts (現場版)｜ 禱告更新2023｜AGWMM
4144,基恩敬拜,《求主垂聽我禱告》O God Hear My Cry (現場版)｜ 禱告更新2023｜AGWMM Official Live,《求主垂聽我禱告》O God Hear My Cry (現場版)｜ 禱告更新2023｜AGWMM
4146,基恩敬拜,《感恩的祭》A Thank Offering (現場版)｜ 禱告更新2023｜AGWMM Official Live,《感恩的祭》A Thank Offering (現場版)｜ 禱告更新2023｜AGWMM
4153,基恩敬拜,《信心的宣告》Confession Of Faith (現場版)｜ 禱告更新2023｜AGWMM Official Live,《信心的宣告》Confession Of Faith (現場版)｜ 禱告更新2023｜AGWMM
4155,基恩敬拜,《神愛世人》God So Loved The World (現場版)｜ 禱告更新2023｜AGWMM Official Live,《神愛世人》God So Loved The World (現場版)｜ 禱告更新2023｜AGWMM
4157,基恩敬拜,《神為我爭戰》The Lord Fights For Me (現場版)｜ 禱告更新2023｜AGWMM Official Live,《神為我爭戰》The Lord Fights For Me (現場版)｜ 禱告更新2023｜AGWMM
4158,基恩敬拜,"《慈繩愛索》The Rein Of Love, The Rope Of Grace (現場版)｜ 禱告更新2024｜AGWMM Official Live","《慈繩愛索》The Rein Of Love, The Rope Of Grace (現場版)｜ 禱告更新2024｜AGWMM"
4165,基恩敬拜,《諸天讚美》The Heavens Praise Him (現場版)｜ 禱告更新2024｜AGWMM Official Live,《諸天讚美》The Heavens Praise Him (現場版)｜ 禱告更新2024｜AGWMM
4166,基恩敬拜,《寶貴恩典》Precious Grace Of God (現場版)｜ 禱告更新2024｜AGWMM Official Live,《寶貴恩典》Precious Grace Of God (現場版)｜ 禱告更新2024｜AGWMM
4167,基恩敬拜,《互相守望》Watch Over For Each Other (現場版)｜ 禱告更新2024｜AGWMM Official Live,《互相守望》Watch Over For Each Other (現場版)｜ 禱告更新2024｜AGWMM
4168,基恩敬拜,《親眼看見祢》My Eyes Have Seen You (現場版)｜ 禱告更新2024｜AGWMM Official Live,《親眼看見祢》My Eyes Have Seen You (現場版)｜ 禱告更新2024｜AGWMM
4169,基恩敬拜,《謝謝祢的愛》Thank You For Your Love (現場版)｜ 禱告更新2024｜AGWMM Official Live,《謝謝祢的愛》Thank You For Your Love (現場版)｜ 禱告更新2024｜AGWMM
4170,基恩敬拜,《因為祢先愛我們》As You First Loved Us (現場版)｜ 禱告更新2024｜AGWMM Official Live,《因為祢先愛我們》As You First Loved Us (現場版)｜ 禱告更新2024｜AGWMM
4177,基恩敬拜,《信心的等待》Wait With Faith (現場版)｜ 禱告更新2024｜AGWMM Official Live,《信心的等待》Wait With Faith (現場版)｜ 禱告更新2024｜AGWMM
4190,基恩敬拜,《復活的盼望》Resurrection Brings Hope (現場版)｜ 禱告更新2024｜AGWMM Official Live,《復活的盼望》Resurrection Brings Hope (現場版)｜ 禱告更新2024｜AGWMM
4191,基恩敬拜,《原是為我》All For My Sake (現場版)｜ 禱告更新2024｜AGWMM Official Live,《原是為我》All For My Sake (現場版)｜ 禱告更新2024｜AGWMM
4353,ACM兒童詩歌,天黑黑 - ACM 齊唱兒歌 (官方完整CD版),天黑黑 - ACM 齊唱兒歌
4354,ACM兒童詩歌,風吹雨打不用怕 - ACM 齊唱兒歌5 (官方完整CD版),風吹雨打不用怕 - ACM 齊唱兒歌5
4355,ACM兒童詩歌,歡笑感恩﹣齊唱兒歌DVD (官方動作版),歡笑感恩﹣齊唱兒歌
4356,ACM兒童詩歌,讚美主偉大﹣齊唱兒歌DVD (官方動作版),讚美主偉大﹣齊唱兒歌
4357,ACM兒童詩歌,腳印﹣齊唱兒歌DVD (官方動作版),腳印﹣齊唱兒歌
4358,ACM兒童詩歌,耶穌恩光 - ACM 齊唱兒歌5 (官方完整CD版),耶穌恩光 - ACM 齊唱兒歌5
4360,ACM兒童詩歌,跟主天際飛 - ACM 齊唱兒歌5 (官方完整CD版),跟主天際飛 - ACM 齊唱兒歌5
4361,ACM兒童詩歌,將溫暖贈送 - ACM 齊唱兒歌4 (官方完整CD版),將溫暖贈送 - ACM 齊唱兒歌4
4362,ACM兒童詩歌,ACM小天使之歌﹣齊唱兒歌DVD (官方動作版),ACM小天使之歌﹣齊唱兒歌
4363,ACM兒童詩歌,羊咩咩﹣齊唱兒歌DVD (官方動作版),羊咩咩﹣齊唱兒歌
4364,ACM兒童詩歌,讚美祢千萬句﹣齊唱兒歌DVD (官方動作版),讚美祢千萬句﹣齊唱兒歌
4366,ACM兒童詩歌,小寶貝 - ACM 齊唱兒歌 (官方完整CD版),小寶貝 - ACM 齊唱兒歌
4367,ACM兒童詩歌,你是我的好朋友 - ACM 齊唱兒歌 (官方完整CD版),你是我的好朋友 - ACM 齊唱兒歌
4370,ACM兒童詩歌,腳印 - ACM 齊唱兒歌3 (官方完整CD版),腳印 - ACM 齊唱兒歌3
4373,ACM兒童詩歌,Praise You Everyday ﹣齊唱兒歌DVD (官方動作版),Praise You Everyday ﹣齊唱兒歌
4374,ACM兒童詩歌,齊齊分享More and More - ACM 齊唱兒歌 (官方完整CD版),齊齊分享More and More - ACM 齊唱兒歌
4375,ACM兒童詩歌,真了不起 - ACM 齊唱兒歌5 (官方完整CD版),真了不起 - ACM 齊唱兒歌5
4376,ACM兒童詩歌,無盡的愛 - ACM 齊唱兒歌4 (官方完整CD版),無盡的愛 - ACM 齊唱兒歌4
4377,ACM兒童詩歌,歡笑感恩 - ACM 齊唱兒歌 (官方完整CD版),歡笑感恩 - ACM 齊唱兒歌
4378,ACM兒童詩歌,抱抱Mammy親親Daddy - ACM 齊唱兒歌 (官方完整CD版),抱抱Mammy親親Daddy - ACM 齊唱兒歌
4379,ACM兒童詩歌,創造奇觀 - ACM 齊唱兒歌 (官方完整CD版),創造奇觀 - ACM 齊唱兒歌
4380,ACM兒童詩歌,全情敬拜 - ACM 齊唱兒歌5 (官方完整CD版),全情敬拜 - ACM 齊唱兒歌5
4381,ACM兒童詩歌,彩色拼圖 - ACM 齊唱兒歌 (官方完整CD版),彩色拼圖 - ACM 齊唱兒歌
4382,ACM兒童詩歌,不得了﹣齊唱兒歌DVD (官方動作版),不得了﹣齊唱兒歌
4383,ACM兒童詩歌,有隻蟻 - ACM 齊唱兒歌 (官方完整CD版),有隻蟻 - ACM 齊唱兒歌
4384,ACM兒童詩歌,飛得更高 - ACM 齊唱兒歌4 (官方完整CD版),飛得更高 - ACM 齊唱兒歌4
4385,ACM兒童詩歌,珍惜 - ACM 齊唱兒歌2 (官方完整CD版),珍惜 - ACM 齊唱兒歌2
4387,ACM兒童詩歌,繽紛可愛樂園 - ACM 齊唱兒歌2 (官方完整CD版),繽紛可愛樂園 - ACM 齊唱兒歌2
4388,ACM兒童詩歌,是祢是祢 - ACM 齊唱兒歌5 (官方完整CD版),是祢是祢 - ACM 齊唱兒歌5
4389,ACM兒童詩歌,軍裝 - ACM 齊唱兒歌 (官方完整CD版),軍裝 - ACM 齊唱兒歌
4390,ACM兒童詩歌,空空的墳墓 - ACM 齊唱兒歌5 (官方完整CD版),空空的墳墓 - ACM 齊唱兒歌5
4391,ACM兒童詩歌,學習愛 - ACM 齊唱兒歌3 (官方完整CD版),學習愛 - ACM 齊唱兒歌3
4392,ACM兒童詩歌,常常愛護我 - ACM 齊唱兒歌3 (官方完整CD版),常常愛護我 - ACM 齊唱兒歌3
4393,ACM兒童詩歌,五餅小魚 - ACM 齊唱兒歌5 (官方完整CD版),五餅小魚 - ACM 齊唱兒歌5
4394,ACM兒童詩歌,美麗創造 - ACM 齊唱兒歌2 (官方完整CD版),美麗創造 - ACM 齊唱兒歌2
4395,ACM兒童詩歌,齊掛笑臉 - ACM 齊唱兒歌2 (官方完整CD版),齊掛笑臉 - ACM 齊唱兒歌2
4396,ACM兒童詩歌,無比忠心 - ACM 齊唱兒歌4 (官方完整CD版),無比忠心 - ACM 齊唱兒歌4
4397,ACM兒童詩歌,闖闖這天 - ACM 齊唱兒歌2 (官方完整CD版),闖闖這天 - ACM 齊唱兒歌2
4399,ACM兒童詩歌,向耶穌祈求﹣齊唱兒歌DVD (官方動作版),向耶穌祈求﹣齊唱兒歌
4411,ACM兒童詩歌,【絕世好爸】HKACM 兒童事工 ｜齊唱兒歌 3（官方完整CD版）,【絕世好爸】HKACM 兒童事工 ｜齊唱兒歌 3
4412,ACM兒童詩歌,【Hallelujah讚美主】HKACM 兒童事工 ｜齊唱兒歌 2（官方完整CD版）,【Hallelujah讚美主】HKACM 兒童事工 ｜齊唱兒歌 2
4413,ACM兒童詩歌,【祢是彌賽亞（兒童敬拜版）】HKACM 兒童事工 ｜齊唱兒歌 2（官方完整CD版）,【祢是彌賽亞(兒童敬拜版)】HKACM 兒童事工 ｜齊唱兒歌 2
4414,ACM兒童詩歌,【主愛在我心】HKACM 兒童事工 ｜齊唱兒歌 2020（官方完整CD版）,【主愛在我心】HKACM 兒童事工 ｜齊唱兒歌 2020
4415,ACM兒童詩歌,【老師都Like你】HKACM 兒童事工 ｜齊唱兒歌 2020 (官方完整CD版),【老師都Like你】HKACM 兒童事工 ｜齊唱兒歌 2020
4420,ACM兒童詩歌,歡欣頌讚 - ACM 齊唱兒歌2020 (官方完整CD版),歡欣頌讚 - ACM 齊唱兒歌2020
4454,Hillsong Kids,"Joyful Live Kids Worship 🎤🎉 ""We Came to Meet with You""","Joyful Live 🎤🎉 ""We Came to Meet with You"""
4486,Listener Kids,This Train is Bound For Glory (sing-along) FEAT MAC POWELL,This Train is Bound For Glory FEAT MAC POWELL
4487,Listener Kids,Give Me Oil In My Lamp (sing-along),Give Me Oil In My Lamp
4489,Listener Kids,Oh Be Careful Little Eyes What You See (With Lyrics) / Bible Song / Christian Video,Oh Be Careful Little Eyes What You See / Bible Song / Christian Video
4491,Listener Kids,Do Lord Oh Do Lord Oh Do Remember Me (with lyrics),Do Lord Oh Do Lord Oh Do Remember Me
4492,Listener Kids,I've Got A River Of life (with lyrics),I've Got A River Of life
4493,Listener Kids,My God Is So Big - (with lyrics),My God Is So Big
4494,Listener Kids,J-E-S-U-S (with lyrics),J-E-S-U-S
4495,Listener Kids,Down By The Riverside - (with lyrics),Down By The Riverside
4496,Listener Kids,Alive Alive Alive Forevermore (with lyrics),Alive Alive Alive Forevermore
4497,Listener Kids,Oh When The Saints Go Marching In (with lyrics),Oh When The Saints Go Marching In
4498,Listener Kids,Clap Your Hands All Ye People (with lyrics),Clap Your Hands All Ye People
4500,Listener Kids,I've Got A River Of Life / Kids worship,I've Got A River Of Life
4502,Listener Kids,Jesus Loves Me Remix | @CJandFriends Dance-A-Long with Lyrics @ kids,Jesus Loves Me Remix | @CJandFriends @ kids
4503,Listener Kids,There Is A Star (WITH LYRICS) by,There Is A Star by
4504,Listener Kids,"""Jesus Loves Me"" With Lyrics","""Jesus Loves Me"""
4506,Listener Kids,Joy To The World with Lyrics (From There is A Star),Joy To The World (From There is A Star)
4507,Listener Kids,Silent Night - WITH LYRICS - Christmas Song For Kids,Silent Night - Christmas Song For Kids
4512,CJ and Friends,Zacchaeus | Dance Along with Lyrics,Zacchaeus | Dance Along
4519,CJ and Friends,Talk to Jesus 🫶 (Dance Along with Lyrics),Talk to Jesus 🫶 (Dance Along)
4521,CJ and Friends,LOVE (Dance Along) with Lyrics,LOVE (Dance Along)
4531,CJ and Friends,Praise 👏 Elevation Worship | Dance-Along with Lyrics,Praise 👏 Elevation Worship
4532,CJ and Friends,Kindness | Sing-Along 🎤 | Fruit of the Spirit Songs for Kids 🍊,Kindness | 🎤 | Fruit of the Spirit Songs for Kids 🍊
4533,CJ and Friends,Nothing Is Impossible 🌎 Planetshakers | Dance-Along with Lyrics,Nothing Is Impossible 🌎 Planetshakers
4534,CJ and Friends,God is so Good | Kids Worship Song & Dance,God is so Good | Song & Dance
4535,CJ and Friends,Arky Arky | Dance A-long with Lyrics | Kids Worship,Arky Arky | Dance A-long
4537,CJ and Friends,Joyful (Dante Bowe) | Dance-Along with Lyrics,Joyful (Dante Bowe)
4538,CJ and Friends,One Way (Acoustic) by Worship | Sing & dance-along with motions and lyrics,One Way (Acoustic) by Worship | Sing & with motions and lyrics
4539,CJ and Friends,Every Move I Make (Acoustic) by Worship | Sing & dance-along with motions and lyrics,Every Move I Make (Acoustic) by Worship | Sing & with motions and lyrics
4541,CJ and Friends,I Wanna Bear Fruit (The Fruit of the Spirit Song) by ft. Megan Tibbits | Sing-Along,I Wanna Bear Fruit (The Fruit of the Spirit Song) by ft. Megan Tibbits
4546,CJ and Friends,I Thank God | Maverick City Music & Upperroom | Worship Dance with Lyrics,I Thank God | Maverick City Music & Upperroom | Worship Dance
4549,CJ and Friends,Go Tell It on the Mountain ❄️ | Christmas Dance-A-Long with Lyrics,Go Tell It on the Mountain ❄️ | Christmas
4550,CJ and Friends,I Have Decided | Dance-A-Long | Listener Kids Music with Lyrics,I Have Decided | Listener Kids Music
4551,CJ and Friends,Praise Ye the Lord🙌| Dance-A-Long | Listener Kids Music,Praise Ye the Lord🙌| Listener Kids Music
4552,CJ and Friends,This Little Light of Mine | Dance-Along with Lyrics,This Little Light of Mine
4553,CJ and Friends,Tell The World Hillsong | Dance-A-Long with Lyrics,Tell The World Hillsong
4554,CJ and Friends,The Butterfly Song (If I Were A Butterfly) | Dance-Along with Lyrics,The Butterfly Song (If I Were A Butterfly)
4555,CJ and Friends,Here I Am To Worship | Dance-Along with Lyrics | ft. PJ,Here I Am To Worship | ft. PJ
4557,CJ and Friends,Trading My Sorrows | Dance-A-Long with Lyrics | Worship,Trading My Sorrows | Worship
4558,CJ and Friends,As the Deer Remix | Dance-along with Lyrics | ft. 2TheHuman,As the Deer Remix | ft. 2TheHuman
4559,CJ and Friends,Brighter Day Kirk Franklin | CJ&Friends Dance-A-Long with Lyrics,Brighter Day Kirk Franklin | CJ&Friends
4560,CJ and Friends,Mighty to Save | Dance-A-Long with Lyrics,Mighty to Save
4561,CJ and Friends,Happy and You Know It | Dance-A-Long with @listenerkids,Happy and You Know It | with @listenerkids
4562,CJ and Friends,Lord I Lift Your Name On High | Dance-A-Long with Lyrics | Kids Worship,Lord I Lift Your Name On High
4563,CJ and Friends,The Bible Song | Dance-Along with Lyrics | Kids Worship,The Bible Song
4564,CJ and Friends,Shackles (Praise You) | Mary Mary | Dance-A-Long with Lyrics,Shackles (Praise You) | Mary Mary
4565,CJ and Friends,Open the Eyes of My Heart |@ Dance-A-Long w/Lyrics |@LocalSound Remix,Open the Eyes of My Heart |@ w/Lyrics |@LocalSound Remix
4566,CJ and Friends,One Way Hillsong | Dance-A-Long with Lyrics | Animated Worship Song,One Way Hillsong | Animated Worship Song
4567,CJ and Friends,“This is Amazing Grace” Phil Wickham Feat. Lecrae | Dance-A-Long with Lyrics,“This is Amazing Grace” Phil Wickham Feat. Lecrae
4569,CJ and Friends,King of the Jungle | Dance-A-Long with Lyrics | Kids Worship,King of the Jungle
4570,CJ and Friends,Love the Lord | Kids Worship Motions with Lyrics,Love the Lord | Motions
4571,CJ and Friends,Peace Like A River | Kids Worship Motions with Lyrics,Peace Like A River | Motions
4572,CJ and Friends,Every Move I Make | Dance-A-Long with Lyrics | Kids Worship,Every Move I Make
4574,CJ and Friends,Father Abraham Had Many Sons | Dance-A-Long with Lyrics | Kids Worship,Father Abraham Had Many Sons
4581,Yancy,I'm back! Why I'm excited to be at Orange Conference in 2025 -Kids Worship,I'm back! Why I'm excited to be at Orange Conference in 2025
4583,Yancy,Choosing Happy (Rock Party Mix) [Official Lyric Music Video] Kids Worship Song of summer,Choosing Happy (Rock Party Mix) [Official Lyric Music Video] Song of summer
4600,Yancy,O Come O Come Emmanuel Christmas Kids Worship Song,O Come O Come Emmanuel Christmas Song
4601,Yancy,Silent Night Christmas Kids Worship Song,Silent Night Christmas Song
4603,Yancy,Little Praise Party - Away In A Manger Christmas Kids Worship Song,Little Praise Party - Away In A Manger Christmas Song
4605,Yancy,Little Praise Party - Out of This World Kids Worship Music Song,Little Praise Party - Out of This World Music Song
4607,Yancy,Little Praise Party - If You're Happy And You Know It [OFFICIAL KIDS WORSHIP] My Best Friend,Little Praise Party - If You're Happy And You Know It [OFFICIAL] My Best Friend
4608,Yancy,Little Praise Party - This Little Light Of Mine [OFFICIAL KIDS WORSHIP VID] My Best Friend,Little Praise Party - This Little Light Of Mine [OFFICIAL VID] My Best Friend
4609,Yancy,Little Praise Party - The Shrink Song - [OFFICIAL KIDS WORSHIP MUSIC VIDEO] My Best Friend,Little Praise Party - The Shrink Song - [OFFICIAL MUSIC VIDEO] My Best Friend
4610,Yancy,Little Praise Party - The B-I-B-L-E - [OFFICIAL KIDS WORSHIP MUSIC VIDEO] My Best Friend,Little Praise Party - The B-I-B-L-E - [OFFICIAL MUSIC VIDEO] My Best Friend
4615,Yancy,Little Praise Party - Obey - [OFFICIAL KIDS WORSHIP MUSIC VIDEO] Taste and See - obedience,Little Praise Party - Obey - [OFFICIAL MUSIC VIDEO] Taste and See - obedience
4616,Yancy,Little Praise Party - I Love You Lord- [OFFICIAL KIDS WORSHIP MUSIC VIDEO] Taste and See,Little Praise Party - I Love You Lord- [OFFICIAL MUSIC VIDEO] Taste and See
4617,Yancy,Little Praise Party - There Are Promises - [OFFICIAL KIDS WORSHIP MUSIC VIDEO] Taste and See,Little Praise Party - There Are Promises - [OFFICIAL MUSIC VIDEO] Taste and See
4618,Yancy,Little Praise Party - Joyful Noise - [OFFICIAL KIDS WORSHIP MUSIC VIDEO] Taste and See,Little Praise Party - Joyful Noise - [OFFICIAL MUSIC VIDEO] Taste and See
4619,Yancy,Little Praise Party - Best Present Ever- [OFFICIAL KIDS WORSHIP MUSIC VIDEO] Taste and See,Little Praise Party - Best Present Ever- [OFFICIAL MUSIC VIDEO] Taste and See
4621,Yancy,Praise The Lord Every Day VBS Kids Worship -Little Praise Party,Praise The Lord Every Day VBS -Little Praise Party
4622,Yancy,Ready Set Go Reimagined [OFFICIAL KIDS WORSHIP MUSIC VIDEO],Ready Set Go Reimagined [OFFICIAL MUSIC VIDEO]
4623,Yancy,Every Victory from Every Victory Single for Kids Worship,Every Victory from Every Victory Single for
4629,Yancy,NOTHING ELSE Kids Worship Video,NOTHING ELSE Video
4630,Yancy,Glory To Your Name from Kidmin Worship Vol. 6 - Kids Worship,Glory To Your Name from Kidmin Worship Vol. 6
4631,Yancy,Who You Say I Am Kids Worship,Who You Say I Am
4634,Yancy,Little Praise Party - Praise Party [OFFICIAL KIDS WORSHIP MUSIC VIDEO] My Best Friend,Little Praise Party - Praise Party [OFFICIAL MUSIC VIDEO] My Best Friend
4635,Yancy,"Little Praise Party - Whoa, I Have Life [OFFICIAL KIDS WORSHIP MUSIC VDEO] My Best Friend","Little Praise Party - Whoa, I Have Life [OFFICIAL MUSIC VDEO] My Best Friend"
4636,Yancy,Little Praise Party - How Great Is Our God -[OFFICIAL KIDS WORSHIP MUSIC VIDEO],Little Praise Party - How Great Is Our God -[OFFICIAL MUSIC VIDEO]
4637,Yancy,Little Praise Party - God Is So Good [OFFICIAL KIDS WORSHIP MUSIC VIDEO] My Best Friend,Little Praise Party - God Is So Good [OFFICIAL MUSIC VIDEO] My Best Friend
4638,Yancy,Lord I Thank You - Little Praise Party [OFFICIAL KIDS WORSHIP MUSIC VIDEO] Taste and See,Lord I Thank You - Little Praise Party [OFFICIAL MUSIC VIDEO] Taste and See
4661,Yancy,Little Praise Party - The Springtime Song EASTER KIDS WORSHIP,Little Praise Party - The Springtime Song EASTER
4662,Yancy,Little Praise Party - It's A Happy Day- EASTER KIDS WORSHIP,Little Praise Party - It's A Happy Day- EASTER
4663,Yancy,Little Praise Party - Super Wonderful - [OFFICIAL KIDS WORSHIP MUSIC VIDEO] Taste and See,Little Praise Party - Super Wonderful - [OFFICIAL MUSIC VIDEO] Taste and See
4674,Yancy,"Little Praise Party - He's Alive, He's Alive [OFFICIAL EASTER KIDS WORSHIP MUSIC VIDEO]","Little Praise Party - He's Alive, He's Alive [OFFICIAL EASTER MUSIC VIDEO]"
4675,Yancy,"Little Praise Party - One, Two, Three [OFFICIAL MUSIC] 1 2 3 EASTER KIDS WORSHIP","Little Praise Party - One, Two, Three [OFFICIAL MUSIC] 1 2 3 EASTER"
4688,基恩敬拜祈禱仔,《八福》（粵語版）The Beatitudes (Cantonese)-祈禱仔兒童敬拜系列 基恩敬拜AGWMM,《八福》(粵語版)The Beatitudes (Cantonese)-祈禱仔兒童敬拜系列 基恩敬拜AGWMM
4740,Giggles and Tunes,【廣東話兒童詩歌】《神造了（動物篇）》 | 童唱童樂,【廣東話兒童詩歌】《神造了(動物篇)》 | 童唱童樂
4761,Giggles and Tunes,【廣東話兒童詩歌】《神造了（大自然篇）》 | 童唱童樂,【廣東話兒童詩歌】《神造了(大自然篇)》 | 童唱童樂
4770,Giggles and Tunes,【廣東話兒童詩歌】《神造了（生果篇）》 | 童唱童樂,【廣東話兒童詩歌】《神造了(生果篇)》 | 童唱童樂
4771,Giggles and Tunes,【廣東話兒童詩歌】《神造了（蔬菜篇）》 | 童唱童樂,【廣東話兒童詩歌】《神造了(蔬菜篇)》 | 童唱童樂
4795,Hillsong Kids,Born Is The King (It’s Christmas!) - Sing-A-Long Video,Born Is The King (It’s Christmas!) - Video
4813,CJ and Friends,One Way | Acoustic Kids Worship Sing-Along 🎸✨,One Way | Acoustic 🎸✨
5172,基恩敬拜,親眼看見祢 （西班文語）神大愛（越南敬拜）,親眼看見祢 (西班文語)神大愛(越南敬拜)
5241,ACM,【My Second Chance】- HK x 護心喜藥團《有故事的歌 3》,【My Second Chance】- x 護心喜藥團《有故事的歌 3》
5245,ACM,【GOD WILL BE with you】- HK x 香港基督教更新會《有故事的歌 3》,【GOD WILL BE with you】- x 香港基督教更新會《有故事的歌 3》
5252,ACM,【J-E-S-U-S Jesus】HK 兒童詩班,【J-E-S-U-S Jesus】 兒童詩班
5269,ACM,【香氣 / Let His Aroma Fill The Air】HK | 兒童詩班20周年主題曲,【香氣 / Let His Aroma Fill The Air】 | 兒童詩班20周年主題曲
5277,ACM,【今我靜靜離去睡了】- HK 《有故事的歌 2》,【今我靜靜離去睡了】- 《有故事的歌 2》
5278,ACM,【千迴】- HK 《有故事的歌 2》,【千迴】- 《有故事的歌 2》
5279,ACM,【異數】- HK 《有故事的歌 2》,【異數】- 《有故事的歌 2》
5280,ACM,【再生】- HK 《有故事的歌 2》,【再生】- 《有故事的歌 2》
5281,ACM,【巴別事件】HK |《齊唱兒歌6》| 兒童詩歌,【巴別事件】 |《齊唱兒歌6》| 兒童詩歌
5304,ACM,【再生】HK / 《有故事的歌 2》歌曲,【再生】 / 《有故事的歌 2》歌曲
5312,ACM,【減壓GOGOGO】HK |《齊唱兒歌6》| 兒童詩歌,【減壓GOGOGO】 |《齊唱兒歌6》| 兒童詩歌
5313,ACM,【同你共行】HK |《齊唱兒歌6》| 兒童詩歌,【同你共行】 |《齊唱兒歌6》| 兒童詩歌
5314,ACM,【最後的情書 The Last Journey】- HK 《有故事的歌》,【最後的情書 The Last Journey】- 《有故事的歌》
5315,ACM,【輸得起】HK |《齊唱兒歌6》| 兒童詩歌,【輸得起】 |《齊唱兒歌6》| 兒童詩歌
5316,ACM,【謝飯歌】HK |《齊唱兒歌6》| 兒童詩歌,【謝飯歌】 |《齊唱兒歌6》| 兒童詩歌
5317,ACM,【原來對我這麼的好 Brotherhood】- HK 《有故事的歌》,【原來對我這麼的好 Brotherhood】- 《有故事的歌》
5324,ACM,【毋須掛慮 Born In Grace】- HK 《有故事的歌》,【毋須掛慮 Born In Grace】- 《有故事的歌》
5326,ACM,黃劍文 Kimman Wong【孭 Piggyback】- HK 《有故事的歌》,黃劍文 Kimman Wong【孭 Piggyback】- 《有故事的歌》
5327,ACM,【齊唱・頌揚】 40周年主題曲 / HK,【齊唱・頌揚】 40周年主題曲
5340,ACM,【惟有祢】𝐑𝐞𝐢𝐦𝐚𝐠𝐢𝐧𝐞𝐝 | HK (feat. Milk&Honey Worship),【惟有祢】𝐑𝐞𝐢𝐦𝐚𝐠𝐢𝐧𝐞𝐝 | (feat. Milk&Honey Worship)
5348,ACM,HK 《𝑹𝑬𝑩𝑰𝑹𝑻𝑯》40周年創作專輯 - 新碟試聽,《𝑹𝑬𝑩𝑰𝑹𝑻𝑯》40周年創作專輯 - 新碟試聽
5349,ACM,【心靈歸家】𝐄𝐏 𝟎𝟔-《單因為這就是我》：It’s okay that you’re not okay（6分鐘敬拜靈修音樂 | 安靜默禱 - HK）,【心靈歸家】𝐄𝐏 𝟎𝟔-《單因為這就是我》：It’s okay that you’re not okay(6分鐘敬拜靈修音樂 | 安靜默禱)
5350,ACM,【心靈歸家】𝐄𝐏 𝟎𝟏-《請你回家》：讓你回到「自己」這個家（8分鐘敬拜靈修音樂 | 安靜默禱 - HK）,【心靈歸家】𝐄𝐏 𝟎𝟏-《請你回家》：讓你回到「自己」這個家(8分鐘敬拜靈修音樂 | 安靜默禱)
5362,ACM,【沉】- HK,【沉】
5385,ACM,【HK 2020年度《齊唱兒歌USB》正式推出！💿】,【2020年度《齊唱兒歌USB》正式推出！💿】
5388,ACM,【望見天虹】HK ｜齊唱敬拜讚美 8 - 得勝者,【望見天虹】 ｜齊唱敬拜讚美 8 - 得勝者
5389,ACM,【神伴你每天】HK ｜齊唱敬拜讚美 6 - 同在的神－以馬內利,【神伴你每天】 ｜齊唱敬拜讚美 6 - 同在的神－以馬內利
5396,ACM,【安穩在主裡】HK Official |《和平之君》齊唱敬拜讚美5專輯,【安穩在主裡】 Official |《和平之君》齊唱敬拜讚美5專輯
5423,ACM,【轉向祢】HK |《黑暗中的盼望》齊唱敬拜讚美14專輯,【轉向祢】 |《黑暗中的盼望》齊唱敬拜讚美14專輯
5424,ACM,【黑暗終必過去】HK |《黑暗中的盼望》齊唱敬拜讚美14專輯,【黑暗終必過去】 |《黑暗中的盼望》齊唱敬拜讚美14專輯
5425,ACM,【黑暗終必過去】HK |《黑暗中的盼望》齊唱敬拜讚美14專輯,【黑暗終必過去】 |《黑暗中的盼望》齊唱敬拜讚美14專輯
5472,ACM,【一】HK |《傳承使命》齊唱敬拜讚美13專輯,【一】 |《傳承使命》齊唱敬拜讚美13專輯
5473,ACM,【相信祢】HK |《傳承使命》齊唱敬拜讚美13專輯,【相信祢】 |《傳承使命》齊唱敬拜讚美13專輯
5480,ACM,【天地喝采】HK |《傳承使命》齊唱敬拜讚美13專輯,【天地喝采】 |《傳承使命》齊唱敬拜讚美13專輯
5483,ACM,【傾倒的愛】HK |《傳承使命》齊唱敬拜讚美13專輯,【傾倒的愛】 |《傳承使命》齊唱敬拜讚美13專輯
5484,ACM,【在地若天】HK |《傳承使命》齊唱敬拜讚美13專輯,【在地若天】 |《傳承使命》齊唱敬拜讚美13專輯
5507,ACM,【誰是你主】HK |《Sing a New Song》齊唱新歌13專輯,【誰是你主】 |《Sing a New Song》齊唱新歌13專輯
5509,ACM,【響應】HK |《敬拜》齊唱敬拜讚美7專輯,【響應】 |《敬拜》齊唱敬拜讚美7專輯
5516,ACM,【祢是我的神】HK |《敬拜》齊唱敬拜讚美7專輯,【祢是我的神】 |《敬拜》齊唱敬拜讚美7專輯
5521,ACM,【誰主明天】HK |《齊唱新歌11》專輯,【誰主明天】 |《齊唱新歌11》專輯
5637,ACM,【忠心至死】HK |《牧我一生》齊唱敬拜讚美 (12),【忠心至死】 |《牧我一生》齊唱敬拜讚美 (12)
5639,ACM,【無可相比】HK |《牧我一生》齊唱敬拜讚美12專輯,【無可相比】 |《牧我一生》齊唱敬拜讚美12專輯
5640,ACM,【牧我一生】HK |《牧我一生》齊唱敬拜讚美12專輯,【牧我一生】 |《牧我一生》齊唱敬拜讚美12專輯
5663,ACM,【立志擺上】HK 詩歌創作大賽2015作品,【立志擺上】 詩歌創作大賽2015作品
5674,ACM,【手中的福音】HK 詩歌創作大賽2015作品,【手中的福音】 詩歌創作大賽2015作品
5675,ACM,【遮蓋我】HK 詩歌創作大賽2015作品,【遮蓋我】 詩歌創作大賽2015作品
5704,ACM,【祂的一生】HK 齊唱金曲管弦夜 Official Live Version（ft. 曾路得、蘇如紅）,【祂的一生】 齊唱金曲管弦夜 Version(ft. 曾路得、蘇如紅)
5716,ACM,【天地讚美】HK |《祢是王》,【天地讚美】 |《祢是王》
5720,ACM,週年主題曲「路．情」（24／2／2012 30週年晚宴版本）,週年主題曲「路．情」(24／2／2012 30週年晚宴版本)
5721,ACM,【詩篇第二十三篇】HK 30周年感恩晚宴 | 歷屆詩班齊唱,【詩篇第二十三篇】 30周年感恩晚宴 | 歷屆詩班齊唱
5728,ACM,為祂試愛 （KTV）,為祂試愛
5729,ACM,誰人在聽 （KTV）,誰人在聽
5733,ACM,【錫安之主】HK |《齊唱敬拜讚美10 錫安城》,【錫安之主】 |《齊唱敬拜讚美10 錫安城》
5740,米高頻道,大大 611Children,大大 611ChildrenActionSongs2014
5742,ACM,【回到這個家】HK |《回到這個家》| YME系列,【回到這個家】 |《回到這個家》| YME系列
5744,ACM,【小子】HK |《想●心跳》| YME系列,【小子】 |《想●心跳》| YME系列
5745,ACM,【為愛傷過】HK |《想●心跳》| YME系列,【為愛傷過】 |《想●心跳》| YME系列
6009,角聲使團,最好的福氣（國語）,最好的福氣(國語)
6109,讚美之泉,10　主のみざでバイブルレッスン【さんびの泉・SOPキッズワーシップ２陽はてるよ雲の上,10 主のみざでバイブルレッスン【さんびの泉・SOPキッズワーシップ２陽はてるよ雲の上
6170,Jennifer Poon,齊唱兒歌_羊咩咩（曲、詞：古丹青）,齊唱兒歌_羊咩咩(曲、詞：古丹青)
6172,HALLELUYA MEDIA,這個家 粵語詩歌（純卡通漫畫版 含經文 歌詞 團契小組）,這個家 粵語詩歌(純卡通漫畫版 含經文 歌詞 團契小組)
6178,Kit-man Choi,全身讚美主(童心快樂唱2）,全身讚美主(童心快樂唱2)
6179,Jasonboy Music,聖經《聖靈果子》（粵語￼詩歌）,聖經《聖靈果子》(粵語￼詩歌)
6343,讚美之泉,【十字架の愛 In the Cross】兒童敬拜 キッズワーシップ - Stream of Praise Japanese Kids Worship Album (1),【十字架の愛 In the Cross】兒童敬拜 キッズワーシップ - Stream of Praise Japanese Album (1)
6344,讚美之泉,【世界中のだれよりも The Love of My Life】兒童敬拜 キッズワーシップ - Stream of Praise Japanese Kids Worship Album (1),【世界中のだれよりも The Love of My Life】兒童敬拜 キッズワーシップ - Stream of Praise Japanese Album (1)
6345,讚美之泉,【だれかがまっててくれる Someone Is Waiting】キッズワーシップ - Stream of Praise Japanese Kids Worship Album (1),【だれかがまっててくれる Someone Is Waiting】キッズワーシップ - Stream of Praise Japanese Album (1)
6346,讚美之泉,【山を見上げて Lift My Eyes Up To the Hills】キッズワーシップ - Stream of Praise Japanese Kids Worship Album (1),【山を見上げて Lift My Eyes Up To the Hills】キッズワーシップ - Stream of Praise Japanese Album (1)
6347,讚美之泉,【かえろう Coming Home】兒童敬拜 キッズワーシップ - Stream of Praise Japanese Kids Worship Album (1),【かえろう Coming Home】兒童敬拜 キッズワーシップ - Stream of Praise Japanese Album (1)
6348,讚美之泉,【信じれば奇跡は起こる 相信有愛就有奇蹟】兒童敬拜 キッズワーシップ - Stream of Praise Japanese Kids Worship Album (1),【信じれば奇跡は起こる 相信有愛就有奇蹟】兒童敬拜 キッズワーシップ - Stream of Praise Japanese Album (1)
6349,讚美之泉,【天が開き Open Heaven】兒童敬拜 キッズワーシップ - Stream of Praise Japanese Kids Worship Album (1),【天が開き Open Heaven】兒童敬拜 キッズワーシップ - Stream of Praise Japanese Album (1)
6350,讚美之泉,【あふれる力 I Am Strengthened in Him】キッズワーシップ - Stream of Praise Japanese Kids Worship Album (1),【あふれる力 I Am Strengthened in Him】キッズワーシップ - Stream of Praise Japanese Album (1)
6351,讚美之泉,【この心満たして Come and Fill Me Up】キッズワーシップ - Stream of Praise Japanese Kids Worship Album (1),【この心満たして Come and Fill Me Up】キッズワーシップ - Stream of Praise Japanese Album (1)
6352,讚美之泉,【パパとママの愛 The Love of Dad and Mom】キッズワーシップ - Stream of Praise Japanese Kids Worship Album (1),【パパとママの愛 The Love of Dad and Mom】キッズワーシップ - Stream of Praise Japanese Album (1)
6404,讚美之泉,【小さな夢 Little Dream】兒童敬拜 キッズワーシップ - Stream of Praise Japanese Kids Worship Album (1),【小さな夢 Little Dream】兒童敬拜 キッズワーシップ - Stream of Praise Japanese Album (1)
6466,讚美之泉,敬拜讚美實況錄影(3) DVD - 巡迴微紀錄片: 香港聚會,敬拜讚美實況錄影(3) - 巡迴微紀錄片: 香港聚會
6467,讚美之泉,敬拜讚美實況錄影(3) DVD - 主祢是我盼望,敬拜讚美實況錄影(3) - 主祢是我盼望
6468,讚美之泉,敬拜讚美實況錄影(3) DVD - 單單只為祢,敬拜讚美實況錄影(3) - 單單只為祢
6469,讚美之泉,敬拜讚美實況錄影(3) DVD - 高舉十架,敬拜讚美實況錄影(3) - 高舉十架
6470,讚美之泉,敬拜讚美實況錄影(3) DVD - 將天敞開,敬拜讚美實況錄影(3) - 將天敞開
6471,讚美之泉,2013 敬拜讚美實況錄影(3) - 將天敞開 DVD 宣傳短片,2013 敬拜讚美實況錄影(3) - 將天敞開 宣傳短片
6605,約書亞樂團,【如同橄欖樹 / Like An Olive Tree】Acoustic Live 官方歌詞 - 馬勝恩 Asiwa Mavaliw,【如同橄欖樹 / Like An Olive Tree】Acoustic Live - 馬勝恩 Asiwa Mavaliw
6610,約書亞樂團,【救贖恩典 / Redeeming Grace】官方歌詞 - 何彥臻 Franny Ho,【救贖恩典 / Redeeming Grace】 - 何彥臻 Franny Ho
6614,約書亞樂團,【同心站立 / As One We Stand】官方歌詞 - 曾晨恩 Yusifu Pulu、 謝思穎 Panay Isak,【同心站立 / As One We Stand】 - 曾晨恩 Yusifu Pulu、 謝思穎 Panay Isak
6616,約書亞樂團,【同負一軛 / Yoked Together】官方歌詞 - 馬勝恩 Asiwa Mavaliw、高承恩 Kevin Gao、鄭牧德 Darren Cheng,【同負一軛 / Yoked Together】 - 馬勝恩 Asiwa Mavaliw、高承恩 Kevin Gao、鄭牧德 Darren Cheng
6617,約書亞樂團,【祢是良善 / You Are Good】官方歌詞 - 謝思穎 Panay Isak,【祢是良善 / You Are Good】 - 謝思穎 Panay Isak
6618,約書亞樂團,【Rock for JESUS / 為耶穌搖滾】官方歌詞 - 曹之懿 Isabelle Tsao、曾子瑄 Dorcas Tseng,【Rock for JESUS / 為耶穌搖滾】 - 曹之懿 Isabelle Tsao、曾子瑄 Dorcas Tseng
6619,約書亞樂團,【永恆盼望 / Eternal Hope】官方歌詞 - 陳州邦 Ben Chen、馬永蒂 Matilda Ma,【永恆盼望 / Eternal Hope】 - 陳州邦 Ben Chen、馬永蒂 Matilda Ma
6620,約書亞樂團,【微小的聲音 / Gentle Whisper】官方歌詞 - 曾沛慈 Pets Tseng,【微小的聲音 / Gentle Whisper】 - 曾沛慈 Pets Tseng
6621,約書亞樂團,【瞳人 / The Apple of Your Eye】官方歌詞 - 芙賽以撒 Fusay Isak,【瞳人 / The Apple of Your Eye】 - 芙賽以撒 Fusay Isak
6650,約書亞樂團,【祢是我的光 / You are the light of my life／Isu ga syax maku】官方歌詞 - 璽恩 SiEnVanessa,【祢是我的光 / You are the light of my life／Isu ga syax maku】 - 璽恩 SiEnVanessa
6658,約書亞樂團,【敬畏的心 / A Reverent Heart】官方歌詞 - 璽恩 SiEnVanessa,【敬畏的心 / A Reverent Heart】 - 璽恩 SiEnVanessa
6679,約書亞樂團,【澆灌 / Pour Down】官方歌詞 - 曾晨恩 Yusifu Pulu,【澆灌 / Pour Down】 - 曾晨恩 Yusifu Pulu
6693,約書亞樂團,【信靠跟隨 / Trust and Follow】官方歌詞 - 璽恩 SiEnVanessa,【信靠跟隨 / Trust and Follow】 - 璽恩 SiEnVanessa
6694,約書亞樂團,【榮耀的冠冕 / Glorious Crown】官方歌詞 - 謝思穎 Panay Isak,【榮耀的冠冕 / Glorious Crown】 - 謝思穎 Panay Isak
6696,約書亞樂團,【祢愛真實 / Your Love Is So True】官方歌詞 - 周巽光 Ewen Chow,【祢愛真實 / Your Love Is So True】 - 周巽光 Ewen Chow
6698,約書亞樂團,【感謝祢在這 / Thank You for Being Here】官方歌詞 - 曾晨恩 Yusifu Pulu,【感謝祢在這 / Thank You for Being Here】 - 曾晨恩 Yusifu Pulu
6699,約書亞樂團,【祝福之地 / The Land of Blessing】官方歌詞 - 曹之懿 Isabelle Tsao,【祝福之地 / The Land of Blessing】 - 曹之懿 Isabelle Tsao
6700,約書亞樂團,【齊心合一 / United with One Heart】官方歌詞 - 馬永蒂 Matilda Ma,【齊心合一 / United with One Heart】 - 馬永蒂 Matilda Ma
6702,約書亞樂團,【像極了天堂 / Just Like Heaven】官方歌詞 - 芙賽以撒 Fusay Isak,【像極了天堂 / Just Like Heaven】 - 芙賽以撒 Fusay Isak
6703,約書亞樂團,【簡單呼吸 / Simply Breathing】官方歌詞 - 馬永蒂 Matilda Ma,【簡單呼吸 / Simply Breathing】 - 馬永蒂 Matilda Ma
6704,約書亞樂團,【祢寶血為我而流 / Your Blood Shed for Me】官方歌詞 - 璽恩 SiEnVanessa,【祢寶血為我而流 / Your Blood Shed for Me】 - 璽恩 SiEnVanessa
6742,約書亞樂團,【回到起初的愛 / Back to My First Love】官方歌詞 - 陳州邦 Ben Chen,【回到起初的愛 / Back to My First Love】 - 陳州邦 Ben Chen
6744,約書亞樂團,【氣息 / Breath】官方歌詞 - 璽恩 SiEnVanessa,【氣息 / Breath】 - 璽恩 SiEnVanessa
6746,611 worship,一顆謙卑的心 [611 靈糧堂敬拜詩歌創作專輯1 ],一顆謙卑的心 [靈糧堂敬拜詩歌創作專輯1 - 一顆謙卑的心]
6748,約書亞樂團,【Don’t Give Up / 不要放棄】官方歌詞 - 馬勝恩 Asiwa Mavaliw 、 李曉茹 Jamie Lee,【Don’t Give Up / 不要放棄】 - 馬勝恩 Asiwa Mavaliw 、 李曉茹 Jamie Lee
6749,約書亞樂團,【讓呼求升起 / Let Prayers Arise】官方歌詞 - 陳雅玲 Sunay Chen,【讓呼求升起 / Let Prayers Arise】 - 陳雅玲 Sunay Chen
6750,約書亞樂團,【逆流前行 / Against the Flood】官方歌詞 - 馬永蒂 Matilda Ma,【逆流前行 / Against the Flood】 - 馬永蒂 Matilda Ma
6751,約書亞樂團,【降服得生命 / Surrender for Life】官方歌詞 - 何彥臻 Franny Ho,【降服得生命 / Surrender for Life】 - 何彥臻 Franny Ho
6788,約書亞樂團,【在我裡面的比世界更大 / Greater Than This World】官方歌詞 - 謝思穎 Panay Isak｜feat.趙治達,【在我裡面的比世界更大 / Greater Than This World】 - 謝思穎 Panay Isak｜feat.趙治達
6791,約書亞樂團,【苦水變新酒 / New Wine From Bitter Waters】官方歌詞 - 馬永蒂 Matilda Ma,【苦水變新酒 / New Wine From Bitter Waters】 - 馬永蒂 Matilda Ma
6792,約書亞樂團,【返璞歸真 / Back to Where It All Began】官方歌詞 - 高承恩 Kevin Gao,【返璞歸真 / Back to Where It All Began】 - 高承恩 Kevin Gao
6819,約書亞樂團,【祢使我勇敢 / You Make Me Courageous】Acoustic Live 官方歌詞 - 謝思穎 Panay Isak,【祢使我勇敢 / You Make Me Courageous】Acoustic Live - 謝思穎 Panay Isak
6822,約書亞樂團,【盼望引力 / Gravity of Hope】Acoustic Live 官方歌詞 - 曾晨恩,【盼望引力 / Gravity of Hope】Acoustic Live - 曾晨恩
6823,約書亞樂團,【小鱒之歌 / Song of Little Trout】Acoustic Live 官方歌詞 - 璽恩 SiEnVanessa,【小鱒之歌 / Song of Little Trout】Acoustic Live - 璽恩 SiEnVanessa
6826,約書亞樂團,【回到起初 / Very First Thing】Acoustic Live 官方歌詞 - 璽恩 SiEnVanessa,【回到起初 / Very First Thing】Acoustic Live - 璽恩 SiEnVanessa
6839,約書亞樂團,No.24【到應許之地 / Toward Promised Land】官方歌詞 - feat.趙治德,No.24【到應許之地 / Toward Promised Land】 - feat.趙治德
6842,約書亞樂團,No.24【下我的寶座 / I Let Go My Throne】官方歌詞 - 周巽光,No.24【下我的寶座 / I Let Go My Throne】 - 周巽光
6845,約書亞樂團,No.24【永遠不離開 / Never Forsaken】官方歌詞 - 何彥臻,No.24【永遠不離開 / Never Forsaken】 - 何彥臻
6847,約書亞樂團,No.24【I'm FREE / 得著自由】官方歌詞 - 陳州邦、謝思穎,No.24【I'm FREE / 得著自由】 - 陳州邦、謝思穎
6852,約書亞樂團,No.24【井邊 / Beside the Well】官方歌詞 - 曹之懿,No.24【井邊 / Beside the Well】 - 曹之懿
6855,約書亞樂團,No.24【祢的話語 / Your Spoken Words】官方歌詞 - 李曉茹,No.24【祢的話語 / Your Spoken Words】 - 李曉茹
6857,約書亞樂團,No.24【敬畏的心 / A Reverent Heart】官方歌詞 - 曾晨恩,No.24【敬畏的心 / A Reverent Heart】 - 曾晨恩
6866,約書亞樂團,No.24【在祢愛裡 / Live in Your Love】官方歌詞 - 芙賽以撒、謝思穎,No.24【在祢愛裡 / Live in Your Love】 - 芙賽以撒、謝思穎
6873,約書亞樂團,No.24【通往祢的路 / Way to You】官方歌詞 - 陳州邦,No.24【通往祢的路 / Way to You】 - 陳州邦
6880,約書亞樂團,No.24【做我自己 / Be Myself】官方歌詞 - 周巽光,No.24【做我自己 / Be Myself】 - 周巽光
8143,小羊詩歌,抬頭仰望（粵語）,抬頭仰望(粵語)
8160,小羊詩歌,【現場版】抬頭仰望（粵語）,【現場版】抬頭仰望(粵語)
8221,小羊詩歌,與我同往（雅歌）| · 基音原創《聲合為一》專輯,與我同往(雅歌)| · 基音原創《聲合為一》專輯
8262,小羊詩歌,詩篇二十三篇（台語）| 《主啊，誰人親像袮》專輯,詩篇二十三篇(台語)| 《主啊，誰人親像袮》專輯
8263,小羊詩歌,我欲等候耶和華（台語）| 《主啊，誰人親像袮》專輯,我欲等候耶和華(台語)| 《主啊，誰人親像袮》專輯
8264,小羊詩歌,主啊，誰人親像祢（台語）| 《主啊，誰人親像袮》專輯,主啊，誰人親像祢(台語)| 《主啊，誰人親像袮》專輯
8265,小羊詩歌,祢的愛（台語）| 《主啊，誰人親像祢》專輯,祢的愛(台語)| 《主啊，誰人親像祢》專輯
8266,小羊詩歌,祢歡喜的祭（台語）| 《主啊，誰人親像祢》專輯,祢歡喜的祭(台語)| 《主啊，誰人親像祢》專輯
8267,小羊詩歌,救主愛疼的聲（台語）| 《主啊，誰人親像袮》專輯,救主愛疼的聲(台語)| 《主啊，誰人親像袮》專輯
8268,小羊詩歌,耶穌愛我，我知影（台語）| 《主啊，誰人親像袮》專輯,耶穌愛我，我知影(台語)| 《主啊，誰人親像袮》專輯
8269,小羊詩歌,稱頌祢聖名（台語）| 《主啊，誰人親像祢》專輯,稱頌祢聖名(台語)| 《主啊，誰人親像祢》專輯
8270,小羊詩歌,永遠稱謝祢（台語）| 《主啊，誰人親像祢》專輯,永遠稱謝祢(台語)| 《主啊，誰人親像祢》專輯
8283,小羊詩歌,YOU ARE MY FAVORITE（國語）| 《永遠》專輯,YOU ARE MY FAVORITE(國語)| 《永遠》專輯
8285,小羊詩歌,獻上一生（粵語）| 《再次將我更新》專輯,獻上一生(粵語)| 《再次將我更新》專輯
8286,小羊詩歌,我向祢呼求（粵語）| 《再次將我更新》專輯,我向祢呼求(粵語)| 《再次將我更新》專輯
8316,小羊詩歌,耶穌基督是主（童聲版）| 《願祢的國降臨》專輯,耶穌基督是主(童聲版)| 《願祢的國降臨》專輯
8341,小羊詩歌,"祝（台語）| 《主啊,誰人親像袮》專輯","祝(台語)| 《主啊,誰人親像袮》專輯"
8389,泥土音樂,當我禱告 When I Pray （現場版）盛曉玫 Amy Sand 專輯：平安永不離開,當我禱告 When I Pray (現場版)盛曉玫 Amy Sand 專輯：平安永不離開
8390,泥土音樂,一生的抉擇 Decision Of A Lifetime （官方版）盛曉玫 Amy Sand 專輯：不變的愛,一生的抉擇 Decision Of A Lifetime (官方版)盛曉玫 Amy Sand 專輯：不變的愛
8392,泥土音樂,愛你到底 Love You Till The End（官方版）盛曉玫 Amy Sand 專輯：好心情,愛你到底 Love You Till The End(官方版)盛曉玫 Amy Sand 專輯：好心情
8393,泥土音樂,我是誰 Who Am I（官方版）盛曉玫 Amy Sand 專輯：就在這裡,我是誰 Who Am I(官方版)盛曉玫 Amy Sand 專輯：就在這裡
8394,泥土音樂,讓我說聲謝謝你 Let Me Say Thank you（官方版）盛曉玫 Amy Sand 專輯 ：好心情,讓我說聲謝謝你 Let Me Say Thank you(官方版)盛曉玫 Amy Sand 專輯 ：好心情
8395,泥土音樂,愛的力量（官方版）盛曉玫 專輯：平安永不離開,愛的力量(官方版)盛曉玫 專輯：平安永不離開
8396,泥土音樂,有祢比什麼都好 I'd Rather Have You （現場版）盛曉玫 Amy Sand 專輯：平安永不離開,有祢比什麼都好 I'd Rather Have You (現場版)盛曉玫 Amy Sand 專輯：平安永不離開
8397,泥土音樂,一起走 Walk with me（官方版）婚禮的祝福 盛曉玫 Amy Sand 專輯：就在這裡,一起走 Walk with me(官方版)婚禮的祝福 盛曉玫 Amy Sand 專輯：就在這裡
8398,泥土音樂,越久越甘甜 It gets sweeter （官方版）盛曉玫 Amy Sand 專輯 ：好心情,越久越甘甜 It gets sweeter (官方版)盛曉玫 Amy Sand 專輯 ：好心情
8400,泥土音樂,盼望（官方版）盛曉玫 專輯：好心情,盼望(官方版)盛曉玫 專輯：好心情
8401,泥土音樂,一家人（官方版）盛曉玫 專輯：平安永不離開,一家人(官方版)盛曉玫 專輯：平安永不離開
8403,泥土音樂,讓世界看見希望 Let The World See Hope （現場版）盛曉玫 Amy Sand 專輯：平安永不離開,讓世界看見希望 Let The World See Hope (現場版)盛曉玫 Amy Sand 專輯：平安永不離開
8406,泥土音樂,我願跟隨祢 I Will Follow You（官方版）盛曉玫 Amy Sand 專輯：腳步,我願跟隨祢 I Will Follow You(官方版)盛曉玫 Amy Sand 專輯：腳步
8407,泥土音樂,新天地 New Heaven & New Earth（官方版）盛曉玫 Amy Sand 專輯：親密的朋友,新天地 New Heaven & New Earth(官方版)盛曉玫 Amy Sand 專輯：親密的朋友
8408,泥土音樂,祂是道路 He Is the Way （官方版）盛曉玫 Amy Sand 專輯：有一天,祂是道路 He Is the Way (官方版)盛曉玫 Amy Sand 專輯：有一天
8409,泥土音樂,當我禱告 When I Pray （官方版）曉玫 Amy Sand 專輯：平安永不離開,當我禱告 When I Pray (官方版)曉玫 Amy Sand 專輯：平安永不離開
8410,泥土音樂,愛的力量 Strength of Love （官方版）盛曉玫 Amy Sand 專輯：平安永不離開,愛的力量 Strength of Love (官方版)盛曉玫 Amy Sand 專輯：平安永不離開
8411,泥土音樂,有你比什麼都好 I'd Rather Have You （官方版）盛曉玫 Amy Sand 專輯：平安永不離開,有你比什麼都好 I'd Rather Have You (官方版)盛曉玫 Amy Sand 專輯：平安永不離開
8412,泥土音樂,天歡喜 地快樂 Heaven and Earth Rejoice （官方版）盛曉玫 Amy Sand 專輯：平安永不離開,天歡喜 地快樂 Heaven and Earth Rejoice (官方版)盛曉玫 Amy Sand 專輯：平安永不離開
8413,泥土音樂,平安永不離開 Peace Remains （官方版）盛曉玫 Amy Sand 專輯：平安永不離開,平安永不離開 Peace Remains (官方版)盛曉玫 Amy Sand 專輯：平安永不離開
8414,泥土音樂,一家人 One Family （官方版）盛曉玫 Amy Sand 專輯：平安永不離開,一家人 One Family (官方版)盛曉玫 Amy Sand 專輯：平安永不離開
8420,泥土音樂,恩典的記號 Marks Of Grace (音樂會版）盛曉玫 Amy Sand 專輯 ：幸福,恩典的記號 Marks Of Grace (音樂會版)盛曉玫 Amy Sand 專輯 ：幸福
8421,泥土音樂,耶穌掌權 Jesus Reigns (音樂會版）盛曉玫 Amy Sand 專輯 ：脚步,耶穌掌權 Jesus Reigns (音樂會版)盛曉玫 Amy Sand 專輯 ：脚步
8422,泥土音樂,雨後的天空 After the rain (音樂會版）盛曉玫 Amy Sand 專輯 ：不變的愛,雨後的天空 After the rain (音樂會版)盛曉玫 Amy Sand 專輯 ：不變的愛
8423,泥土音樂,好心情 Feeling Happy (音樂會版）盛曉玫 Amy Sand 專輯 ：好心情,好心情 Feeling Happy (音樂會版)盛曉玫 Amy Sand 專輯 ：好心情
8425,泥土音樂,有一天 One Day (音樂會版）盛曉玫 Amy Sand 專輯 ：有一天,有一天 One Day (音樂會版)盛曉玫 Amy Sand 專輯 ：有一天
8429,泥土音樂,醫治的愛 Healing Love (音樂會版）盛曉玫 Amy Sand 專輯 ：好心情,醫治的愛 Healing Love (音樂會版)盛曉玫 Amy Sand 專輯 ：好心情
8436,泥土音樂,首張日語專輯 活出愛 （愛を形に）發行了！ 向日本朋友傳福音,首張日語專輯 活出愛 (愛を形に)發行了！ 向日本朋友傳福音
8438,泥土音樂,依然愛我 You still love me （音樂會版）盛曉玫 Amy Sand 專輯 ：不變的愛,依然愛我 You still love me (音樂會版)盛曉玫 Amy Sand 專輯 ：不變的愛
8440,泥土音樂,恩典夠用 Sufficient Grace （音樂會版） 盛曉玫 Amy Sand 專輯 ：脚步,恩典夠用 Sufficient Grace (音樂會版) 盛曉玫 Amy Sand 專輯 ：脚步
8444,泥土音樂,為何對我這麼好 Why are you so good to me （音樂會版）盛曉玫 Amy Sand 專輯 ：親密的朋友,為何對我這麼好 Why are you so good to me (音樂會版)盛曉玫 Amy Sand 專輯 ：親密的朋友
8604,我心旋律,《榮耀中的呼喚》The Call in His Gloryl內容源自聖經妥拉:利未記「你要吩咐」篇 צו （利 6:8~8:360 #敬拜詩歌 #妥拉詩歌#worshipsong #TorahSong,《榮耀中的呼喚》The Call in His Gloryl內容源自聖經妥拉:利未記「你要吩咐」篇 צו (利 6:8~8:360 #敬拜詩歌 #妥拉詩歌#worshipsong #TorahSong
8606,我心旋律,《因祂大大戰勝～紅海得勝之歌》 l Great Is His Victory-The Song of Victory at the Red Sea #原創詩歌 #得勝之歌  #信心之歌,《因祂大大戰勝～紅海得勝之歌》 l Great Is His Victory-The Song of Victory at the Red Sea #原創詩歌 #得勝之歌 #信心之歌
8607,我心旋律,《活水的江河》 l Living Water #原創歌曲 #敬拜詩歌  #worshipsong #我要喝 祢所賜的活水 #喜樂的江河 #盼望的泉源,《活水的江河》 l Living Water #原創歌曲 #敬拜詩歌 #worshipsong #我要喝 祢所賜的活水 #喜樂的江河 #盼望的泉源
8616,我心旋律,🔥 詩歌～分別歸我為聖 / 新季節、新音符、新樂章 / ~ 葉邵家菁（創作者）,🔥 詩歌～分別歸我為聖 / 新季節、新音符、新樂章 / ~ 葉邵家菁(創作者)
8617,我心旋律,是祢教导我的手争战(慢版)- 第九专辑「迈向锡安」[官方歌词],是祢教导我的手争战(慢版)- 第九专辑「迈向锡安」
8618,我心旋律,渴慕与寻求- 第九专辑「迈向锡安」[官方歌词],渴慕与寻求- 第九专辑「迈向锡安」
8619,我心旋律,求赐下祢的公义 Shower Your Righteousness Upon Me- 第九专辑「迈向锡安」[官方歌词],求赐下祢的公义 Shower Your Righteousness Upon Me- 第九专辑「迈向锡安」
8620,我心旋律,長兄- 第九专辑「迈向锡安」[官方歌词] HD,長兄- 第九专辑「迈向锡安」
8621,我心旋律,安慰，安慰我的百姓- 第九专辑「迈向锡安」[官方歌词],安慰，安慰我的百姓- 第九专辑「迈向锡安」
8622,我心旋律,神量给我的地界 Inheritance- 第九专辑「迈向锡安」[官方歌词],神量给我的地界 Inheritance- 第九专辑「迈向锡安」
8623,我心旋律,"耶路撒冷 愿你平安 Yerushalayim, Shalom - 第九专辑「迈向锡安」[官方歌词]","耶路撒冷 愿你平安 Yerushalayim, Shalom - 第九专辑「迈向锡安」"
8624,我心旋律,迈向锡安 Up To Zion- 第九专辑「迈向锡安」 [官方歌词],迈向锡安 Up To Zion- 第九专辑「迈向锡安」
8625,我心旋律,我的神 我的王- 第九专辑「迈向锡安」[官方歌词],我的神 我的王- 第九专辑「迈向锡安」
